屏蔽词,,,,
办证,,,,
考证,,,,
国网可查,,,,
换群,,,,
卖群,,,,
买群,,,,
鱼泡,,,,
吉工家,,,,
去施工,,,,
建安汇,,,,
才能网,,,,
58同城,,,,
安心筑,,,,
工友会,,,,
鱼泡网,,,,
惠工网,,,,
工工网,,,,
快马快装科技,,,,
鲁班,,,,
鲁班招工找活联盟,,,,
众工在线,,,,
土筑虎找活,,,,
顺匠找活,,,,
弱电帮,,,,
聚民找活,,,,
小马找活,,,,
工友通,,,,
工嘻嘻,,,,
工蜂app,,,,
零工社,,,,
大象找活,,,,
APP,,,,
代办,,,,
下证快,,,,
出证,,,,
拿证,,,,
换证,,,,
vip,,,,
签证,,,,
免签,,,,
护照,,,,
出国,,,,
回国,,,,
华人,,,,
入境,,,,
离境,,,,
永驻,,,,
黑人,,,,
海外,,,,
国外,,,,
阿布哈兹,,,,
阿富汗,,,,
阿尔巴尼亚,,,,
阿尔及利亚,,,,
安道尔,,,,
安哥拉,,,,
安提瓜和巴布达,,,,
阿根廷,,,,
亚美尼亚,,,,
澳大利亚,,,,
奥地利,,,,
阿塞拜疆,,,,
巴哈马,,,,
巴林,,,,
孟加拉国,,,,
巴巴多斯,,,,
白俄罗斯,,,,
比利时,,,,
伯利兹,,,,
贝宁,,,,
不丹,,,,
玻利维亚,,,,
波黑,,,,
博茨瓦纳,,,,
巴西,,,,
文莱,,,,
保加利亚,,,,
布基纳法索,,,,
布隆迪,,,,
柬埔寨,,,,
喀麦隆,,,,
加拿大,,,,
佛得角,,,,
加泰罗尼亚,,,,
中非共和国,,,,
乍得,,,,
智利,,,,
中国,,,,
哥伦比亚,,,,
科摩罗,,,,
刚果共和国,,,,
刚果民主共和国,,,,
库克群岛,,,,
哥斯达黎加,,,,
科特迪瓦,,,,
克罗地亚,,,,
古巴,,,,
塞浦路斯,,,,
捷克,,,,
丹麦,,,,
吉布提,,,,
顿涅茨克,,,,
多米尼克,,,,
多米尼加,,,,
厄瓜多尔,,,,
埃及,,,,
萨尔瓦多,,,,
赤道几内亚,,,,
厄立特里亚,,,,
爱沙尼亚,,,,
埃塞俄比亚,,,,
斐济,,,,
芬兰,,,,
法国,,,,
加蓬,,,,
冈比亚,,,,
格鲁吉亚,,,,
德国,,,,
加纳,,,,
希腊,,,,
格林纳达,,,,
危地马拉,,,,
几内亚,,,,
几内亚比绍,,,,
圭亚那,,,,
海地,,,,
洪都拉斯,,,,
匈牙利,,,,
冰岛,,,,
印度,,,,
印度尼西亚,,,,
伊朗,,,,
伊拉克,,,,
爱尔兰,,,,
以色列,,,,
意大利,,,,
牙买加,,,,
日本,,,,
约旦,,,,
哈萨克斯坦,,,,
肯尼亚,,,,
基里巴斯,,,,
韩国,,,,
科索沃,,,,
科威特,,,,
吉尔吉斯斯坦,,,,
老挝,,,,
拉脱维亚,,,,
黎巴嫩,,,,
莱索托,,,,
利比里亚,,,,
利比亚,,,,
列支敦士登,,,,
立陶宛,,,,
卢森堡,,,,
马达加斯加,,,,
马拉维,,,,
马来西亚,,,,
马尔代夫,,,,
马耳他骑士团,,,,
马里,,,,
马耳他,,,,
马绍尔群岛,,,,
毛里塔尼亚,,,,
毛里求斯,,,,
墨西哥,,,,
密克罗尼西亚联邦,,,,
摩尔多瓦,,,,
摩纳哥,,,,
蒙古国,,,,
黑山,,,,
摩洛哥,,,,
莫桑比克,,,,
缅甸,,,,
纳戈尔诺-卡拉巴赫,,,,
纳米比亚,,,,
瑙鲁,,,,
尼泊尔,,,,
荷兰,,,,
新西兰,,,,
尼加拉瓜,,,,
尼日尔,,,,
尼日利亚,,,,
纽埃,,,,
北塞浦路斯,,,,
北马其顿,,,,
挪威,,,,
阿曼,,,,
巴基斯坦,,,,
帕劳,,,,
巴勒斯坦,,,,
巴拿马,,,,
巴布亚新几内亚,,,,
巴拉圭,,,,
朝鲜,,,,
秘鲁,,,,
菲律宾,,,,
波兰,,,,
葡萄牙,,,,
德涅斯特河沿岸,,,,
邦特兰,,,,
卡塔尔,,,,
罗马尼亚,,,,
俄罗斯,,,,
卢旺达,,,,
圣基茨和尼维斯,,,,
圣卢西亚,,,,
圣文森特和格林纳丁斯,,,,
萨摩亚,,,,
圣马力诺,,,,
圣多美和普林西比,,,,
沙特阿拉伯,,,,
塞内加尔,,,,
塞尔维亚,,,,
塞舌尔,,,,
塞拉利昂,,,,
新加坡,,,,
斯洛伐克,,,,
斯洛文尼亚,,,,
所罗门群岛,,,,
索马里,,,,
索马里兰,,,,
南非,,,,
南奥塞梯,,,,
南苏丹,,,,
西班牙,,,,
斯里兰卡,,,,
苏丹,,,,
苏里南,,,,
斯威士兰,,,,
瑞典,,,,
瑞士,,,,
叙利亚,,,,
塔吉克斯坦,,,,
坦桑尼亚,,,,
泰国,,,,
东帝汶,,,,
多哥,,,,
汤加,,,,
特立尼达和多巴哥,,,,
突尼斯,,,,
土耳其,,,,
土库曼斯坦,,,,
图瓦卢,,,,
乌干达,,,,
乌克兰,,,,
阿联酋,,,,
英国,,,,
美国,,,,
乌拉圭,,,,
乌兹别克斯坦,,,,
瓦努阿图,,,,
梵蒂冈,,,,
委内瑞拉,,,,
越南,,,,
也门,,,,
赞比亚,,,,
西撒哈拉,,,,
赞比亚,,,,
津巴布韦,,,,
阿布穆萨岛,,,,
布雷米,,,,
爱丽丝浅滩,,,,
南极,,,,
阿维斯岛,,,,
巴德梅,,,,
比尔泰维勒,,,,
休达自治市,,,,
独岛,,,,
竹岛,,,,
埃塞奎博河,,,,
斐迪南迪亚岛,,,,
格罗里奥索,,,,
哈拉伊卜三角区,,,,
汉斯岛,,,,
伊米亚岛,,,,
卡尔达克,,,,
卡恩格瓦尼,,,,
查谟和克什米尔,,,,
林梦地区,,,,
梅利利亚自治市,,,,
欧加登,,,,
佩雷吉尔岛,,,,
卢卡万兹岛,,,,
索科特拉岛,,,,
南设得兰,,,,
北方四岛,,,,
千岛群岛,,,,
美属萨摩亚,,,,
安圭拉,,,,
阿鲁巴,,,,
亚速尔,,,,
百慕大,,,,
博奈尔岛,,,,
波内赫,,,,
英属印度洋领地,,,,
加那利,,,,
开曼,,,,
圣诞岛,,,,
科科斯,,,,
库拉索,,,,
复活节岛,,,,
福克兰,,,,
马尔维纳斯,,,,
法罗,,,,
法属波利尼西亚,,,,
直布罗陀,,,,
格陵兰,,,,
关岛,,,,
根西,,,,
扬马延岛,,,,
泽西,,,,
马恩岛,,,,
马约特,,,,
马德拉,,,,
中途岛,,,,
蒙特塞拉特,,,,
纳弗沙岛,,,,
新喀里多尼亚,,,,
诺福克岛,,,,
北马里亚纳,,,,
皮特凯恩,,,,
波多黎各,,,,
萨巴岛,,,,
圣赫勒拿,,,,
圣马丁,,,,
圣皮埃尔和密克隆,,,,
圣尤斯特歇斯,,,,
圣马丁,,,,
南乔治亚岛和南桑威奇,,,,
斯瓦尔巴,,,,
托克劳,,,,
特克斯和凯科斯,,,,
英属维尔京,,,,
美属维尔京,,,,
威克岛,,,,
瓦利斯和富图纳,,,,
克里米亚,,,,